epoch,time,train/box_loss,train/cls_loss,train/dfl_loss,metrics/precision(B),metrics/recall(B),metrics/mAP50(B),metrics/mAP50-95(B),val/box_loss,val/cls_loss,val/dfl_loss,lr/pg0,lr/pg1,lr/pg2
1,106.068,0,114.734,0,0,0,0,0,0,66.3249,0,5e-05,5e-05,5e-05
2,181.445,0,112.437,0,0,0,0,0,0,66.2335,0,0.000107822,0.000107822,0.000107822
3,273.642,0,109.372,0,0,0,0,0,0,65.9198,0,0.000163268,0.000163268,0.000163268
4,384.501,0,106.509,0,0,0,0,0,0,65.7437,0,0.000216338,0.000216338,0.000216338
5,480.479,0,103.291,0,0,0,0,0,0,65.081,0,0.000267032,0.000267032,0.000267032
6,568.32,0,99.3113,0,0,0,0,0,0,63.1415,0,0.00031535,0.00031535,0.00031535
7,647.444,0,95.4422,0,0,0,0,0,0,59.3655,0,0.000361292,0.000361292,0.000361292
8,720.669,0,92.7836,0,0,0,0,0,0,53.2325,0,0.000404858,0.000404858,0.000404858
9,793.344,0,90.1149,0,0,0,0,0,0,47.4573,0,0.000446048,0.000446048,0.000446048
10,868.45,0,88.6046,0,0,0,0,0,0,46.818,0,0.000484862,0.000484862,0.000484862
11,947.701,0,87.8617,0,0,0,0,0,0,46.3911,0,0.0005213,0.0005213,0.0005213
